{
  "params": {
    "rv_w": 28,
    "vrp_z_w": 90,
    "ivp_w": 365,
    "tenor_d": 30,
    "rich": [
      80.0,
      1.0
    ],
    "cheap": [
      20.0,
      0.0
    ],
    "haircut": 0.05,
    "iv_source": "DVOL flat smile",
    "pricing": "vanilla BS r=0"
  },
  "symbols": {
    "BTC": {
      "dvol_days": 1938,
      "px_days": 1938,
      "classified_days": 1572,
      "regime_counts": {
        "RICH": 49,
        "NORMAL": 1283,
        "CHEAP": 240
      },
      "covered_call": {
        "RICH": {
          "n": 49,
          "mean": 0.023501645654173262,
          "median": 0.027485906669934664,
          "p5": -0.03537053456866804,
          "min": -0.20000733507133495,
          "hit_rate": 0.9387755102040817,
          "nonoverlap_n": 2,
          "nonoverlap_mean": 0.03042858132151606
        },
        "NORMAL": {
          "n": 1254,
          "mean": -0.0008638339780316113,
          "median": 0.019180363454406626,
          "p5": -0.14411606854497902,
          "min": -0.28733076137206703,
          "hit_rate": 0.8189792663476874,
          "nonoverlap_n": 42,
          "nonoverlap_mean": -0.0003863611430528721
        },
        "CHEAP": {
          "n": 239,
          "mean": 0.0020653340888995898,
          "median": 0.016510092017117346,
          "p5": -0.09720414225154733,
          "min": -0.18714679974709425,
          "hit_rate": 0.8075313807531381,
          "nonoverlap_n": 8,
          "nonoverlap_mean": -0.010554206837250918
        }
      },
      "short_strangle_ps": {
        "RICH": {
          "n": 49,
          "mean": 0.03834365537303765,
          "median": 0.04775018709882109,
          "p5": -0.14232427209316323,
          "min": -0.1809633114944998,
          "hit_rate": 0.8979591836734694,
          "nonoverlap_n": 2,
          "nonoverlap_mean": 0.05618393161822342
        },
        "NORMAL": {
          "n": 1254,
          "mean": -0.0030454312644032718,
          "median": 0.028447176933665816,
          "p5": -0.13087027981295654,
          "min": -0.27521917722339545,
          "hit_rate": 0.6547049441786283,
          "nonoverlap_n": 42,
          "nonoverlap_mean": -0.003791538726512288
        },
        "CHEAP": {
          "n": 239,
          "mean": 0.008322111076908398,
          "median": 0.025846761323825358,
          "p5": -0.09971407721026082,
          "min": -0.17154416644955733,
          "hit_rate": 0.7489539748953975,
          "nonoverlap_n": 8,
          "nonoverlap_mean": -0.007092170635661588
        }
      },
      "long_straddle": {
        "RICH": {
          "n": 49,
          "mean": -0.1200284404400699,
          "median": -0.1461469129122967,
          "p5": -0.2467557002685973,
          "min": -0.2669294293237881,
          "hit_rate": 0.12244897959183673,
          "nonoverlap_n": 2,
          "nonoverlap_mean": -0.1678513353623466
        },
        "NORMAL": {
          "n": 1254,
          "mean": -0.007448745889304081,
          "median": -0.03396297782617474,
          "p5": -0.13770602575097832,
          "min": -0.216022552769039,
          "hit_rate": 0.3740031897926635,
          "nonoverlap_n": 42,
          "nonoverlap_mean": -0.0017921544706246302
        },
        "CHEAP": {
          "n": 239,
          "mean": -0.03168485179844496,
          "median": -0.05148548092509439,
          "p5": -0.13416385785389556,
          "min": -0.15658571314114494,
          "hit_rate": 0.28870292887029286,
          "nonoverlap_n": 8,
          "nonoverlap_mean": -0.018483915335245092
        }
      }
    },
    "ETH": {
      "dvol_days": 1938,
      "px_days": 1938,
      "classified_days": 1572,
      "regime_counts": {
        "RICH": 95,
        "NORMAL": 1279,
        "CHEAP": 198
      },
      "covered_call": {
        "RICH": {
          "n": 95,
          "mean": 0.017439461793454188,
          "median": 0.027495801795735134,
          "p5": -0.14154344881979378,
          "min": -0.248718085245999,
          "hit_rate": 0.9052631578947369,
          "nonoverlap_n": 4,
          "nonoverlap_mean": 0.03431426970409203
        },
        "NORMAL": {
          "n": 1266,
          "mean": -0.0015932598425260033,
          "median": 0.024176503258723173,
          "p5": -0.17924023612646375,
          "min": -0.3196741247557823,
          "hit_rate": 0.8127962085308057,
          "nonoverlap_n": 43,
          "nonoverlap_mean": -0.004779026391188456
        },
        "CHEAP": {
          "n": 181,
          "mean": 0.0067362615626314236,
          "median": 0.020484559931862392,
          "p5": -0.09689715287855347,
          "min": -0.18812828646794272,
          "hit_rate": 0.861878453038674,
          "nonoverlap_n": 7,
          "nonoverlap_mean": 0.021723254731009754
        }
      },
      "short_strangle_ps": {
        "RICH": {
          "n": 95,
          "mean": 0.026643590444420395,
          "median": 0.04616022148322468,
          "p5": -0.11911788951016747,
          "min": -0.22688312872056987,
          "hit_rate": 0.7789473684210526,
          "nonoverlap_n": 4,
          "nonoverlap_mean": 0.0090587902635965
        },
        "NORMAL": {
          "n": 1266,
          "mean": -0.012322828691981988,
          "median": 0.027036042719907786,
          "p5": -0.17155029348058448,
          "min": -0.30690998292682414,
          "hit_rate": 0.5876777251184834,
          "nonoverlap_n": 43,
          "nonoverlap_mean": -0.015131209257439434
        },
        "CHEAP": {
          "n": 181,
          "mean": 0.01454425646571778,
          "median": 0.03341942883664692,
          "p5": -0.0841476487879747,
          "min": -0.17790869170404489,
          "hit_rate": 0.7624309392265194,
          "nonoverlap_n": 7,
          "nonoverlap_mean": 0.013766290945156131
        }
      },
      "long_straddle": {
        "RICH": {
          "n": 95,
          "mean": -0.07064755721826273,
          "median": -0.07339047868365021,
          "p5": -0.2836129455856712,
          "min": -0.30479205455557773,
          "hit_rate": 0.22105263157894736,
          "nonoverlap_n": 4,
          "nonoverlap_mean": -0.04193840763752027
        },
        "NORMAL": {
          "n": 1266,
          "mean": 0.012570425109079018,
          "median": -0.026945864614072265,
          "p5": -0.16732836613631275,
          "min": -0.27659119272322674,
          "hit_rate": 0.4391785150078989,
          "nonoverlap_n": 43,
          "nonoverlap_mean": 0.02195528531116976
        },
        "CHEAP": {
          "n": 181,
          "mean": -0.052111828075643324,
          "median": -0.07287125895922154,
          "p5": -0.14775671288022904,
          "min": -0.17727670761849368,
          "hit_rate": 0.2541436464088398,
          "nonoverlap_n": 7,
          "nonoverlap_mean": -0.013703088258611338
        }
      }
    }
  }
}